{
    "SiteUrl": "https://www.hmxz.org",
    "Classes": [
        {
            "type_name": "电影",
            "type_id": "1"
        },
        {
            "type_name": "剧集",
            "type_id": "2"
        },
        {
            "type_name": "综艺",
            "type_id": "5"
        },
        {
            "type_name": "动漫",
            "type_id": "3"
        }
    ],
    "Cookie": "bbs_sid=rrru52bda4v655kl9u1c87f00m; bbs_token=dZRAvHbHcUZkuJ7oHALqWoUs00C1fGqqXDXH7I8LH6hMddXP"
}