{
    "SiteUrl": "https://haimian.eu.org,https://www.haimianxz.com,https://www.hmxz.org,https://www.5536806.xyz,http://haimian.eu.org",
    "Classes": [
        {
            "type_name": "电影",
            "type_id": "1"
        },
        {
            "type_name": "剧集",
            "type_id": "2"
        },
        {
            "type_name": "综艺",
            "type_id": "5"
        },
        {
            "type_name": "动漫",
            "type_id": "3"
        }
    ],
    "Cookie": "__51vcke__K2MEuBiiS0iv1Gsb=50317c8c-a927-5311-8f63-949521ddbf0c; __51vuft__K2MEuBiiS0iv1Gsb=1746033908927; _ga=GA1.1.1243371970.1746580792; __51uvsct__K2MEuBiiS0iv1Gsb=6; __vtins__K2MEuBiiS0iv1Gsb=%7B%22sid%22%3A%20%223cca69eb-bcd1-5ef4-bf3e-812319c6e2e0%22%2C%20%22vd%22%3A%2018%2C%20%22stt%22%3A%2047625%2C%20%22dr%22%3A%202161%2C%20%22expires%22%3A%201748073260198%2C%20%22ct%22%3A%201748071460198%7D; _ga_4HLWS2N0SW=GS2.1.s1748096693$o5$g0$t1748096693$j0$l0$h0; bbs_sid=44bo0pnqufjhkai0ecg2dno2rb; _xn_accesscount_visited=1; Hm_lvt_d8d486f5aec7b83ea1172477c2ecde4f=1748622198; HMACCOUNT=F2191C60A382CF45; bbs_token=cN2N5OuguYW1knrDFA3sw9J2hjMEkWi_2FSYX_2FQa91_2FR2_2FxmeY; Hm_lpvt_d8d486f5aec7b83ea1172477c2ecde4f=1748622484"
}